Workbook

Sheet Project Instructions
A1: PR. 2 Analyzer
A2: Topics: - Conditional Formatting - WHAT IF Analysis - Linear Regression (Using Data Analysis Toolpak) - Data Analysis Feature (Descriptive Stats, Regression, Histogram) - Data Storytelling - Add Symbols or Arrows in Custom Formatting - Create Timestamp - Find High-Value Customers using Groupby(), index(), and match() combination - Advanced Descriptive Analytics - Pivot Table with Dashboard - Creating bar charts - Creating line charts - Creating pie charts Main Tasks: 1. Apply conditional formatting to highlight top 10 customers based on total purchase. 2. Perform WHAT IF Analysis to see impact of changing discount on total profit. 3. Use Data Analysis Toolpak to run Linear Regression (Profit vs Sales). 4. Use 'Descriptive Statistics' from Analysis Toolpak on the dataset. 5. Add up/down arrows on monthly sales growth. 6. Create a timestamp column using NOW(). 7. Identify high-value customers using index(), match(), and filters. 8. Create Pivot Table to analyze total sales by region and product. 9. Create bar, line, and pie charts to visualize KPIs. 10. Summarize insights using a dashboard. Deliverable: Complete the given worksheet by applying the required formulas in respective sheets.

Sheet Dataset
A1: Customer_ID | B1: Customer_Name | C1: Region | D1: Product_Category | E1: Sales | F1: Quantity | G1: Discount | H1: Order_Date | I1: Profit | J1: Total Purchase | K1: Adjusted Profit | L1: timestamp | O1: 6. Create a timestamp column using NOW().
A2: CUST019 | B2: James Davis | C2: West | D2: Books | E2: 1036.09 | F2: 4 | G2: 0.2 | H2: 45392 | I2: 331.55 | J2: =SUMIFS($E:$E,$B:$B,B2) -> 6255.7 | K2: =E2*(1-G2) -> 828.872 | L2: =NOW() -> 46011.021
A3: CUST012 | B3: Robert Anderson | C3: West | D3: Clothing | E3: 1101.28 | F3: 3 | G3: 0.2 | H3: 45393 | I3: 440.51 | J3: =SUMIFS($E:$E,$B:$B,B3) -> 8331.85 | K3: =E3*(1-G3) -> 881.024 | L3: =NOW() -> 46011.021
A4: CUST017 | B4: James Taylor | C4: East | D4: Books | E4: 713.34 | F4: 17 | G4: 0 | H4: 45396 | I4: 285.34 | J4: =SUMIFS($E:$E,$B:$B,B4) -> 5615.28 | K4: =E4*(1-G4) -> 713.34 | L4: =NOW() -> 46011.021
A5: CUST005 | B5: Robert Anderson | C5: South | D5: Electronics | E5: 760.93 | F5: 4 | G5: 0.15 | H5: 45396 | I5: 161.7 | J5: =SUMIFS($E:$E,$B:$B,B5) -> 8331.85 | K5: =E5*(1-G5) -> 646.7905 | L5: =NOW() -> 46011.021
A6: CUST030 | B6: James Wilson | C6: North | D6: Books | E6: 847 | F6: 12 | G6: 0.2 | H6: 45397 | I6: 271.04 | J6: =SUMIFS($E:$E,$B:$B,B6) -> 20774.74 | K6: =E6*(1-G6) -> 677.6 | L6: =NOW() -> 46011.021
A7: CUST007 | B7: Michael Anderson | C7: North | D7: Furniture | E7: 965.64 | F7: 8 | G7: 0.1 | H7: 45398 | I7: 304.18 | J7: =SUMIFS($E:$E,$B:$B,B7) -> 7881.9 | K7: =E7*(1-G7) -> 869.076 | L7: =NOW() -> 46011.021
A8: CUST001 | B8: Linda Wilson | C8: West | D8: Electronics | E8: 1317.53 | F8: 12 | G8: 0.05 | H8: 45398 | I8: 312.91 | J8: =SUMIFS($E:$E,$B:$B,B8) -> 9970.2 | K8: =E8*(1-G8) -> 1251.6535 | L8: =NOW() -> 46011.021
A9: CUST026 | B9: Mary Davis | C9: East | D9: Furniture | E9: 1074.47 | F9: 6 | G9: 0.2 | H9: 45401 | I9: 300.85 | J9: =SUMIFS($E:$E,$B:$B,B9) -> 17143.29 | K9: =E9*(1-G9) -> 859.576 | L9: =NOW() -> 46011.021
A10: CUST009 | B10: Linda Jackson | C10: Central | D10: Books | E10: 501.54 | F10: 11 | G10: 0.05 | H10: 45401 | I10: 190.59 | J10: =SUMIFS($E:$E,$B:$B,B10) -> 3968.59 | K10: =E10*(1-G10) -> 476.463 | L10: =NOW() -> 46011.021
A11: CUST010 | B11: David Thomas | C11: Central | D11: Clothing | E11: 737.31 | F11: 2 | G11: 0.05 | H11: 45401 | I11: 350.22 | J11: =SUMIFS($E:$E,$B:$B,B11) -> 7020.38 | K11: =E11*(1-G11) -> 700.4445 | L11: =NOW() -> 46011.021
A12: CUST014 | B12: Emma Davis | C12: West | D12: Office Supplies | E12: 1572.82 | F12: 6 | G12: 0.05 | H12: 45402 | I12: 672.38 | J12: =SUMIFS($E:$E,$B:$B,B12) -> 11398.32 | K12: =E12*(1-G12) -> 1494.179 | L12: =NOW() -> 46011.021
A13: CUST014 | B13: David Thomas | C13: Central | D13: Books | E13: 1343.13 | F13: 14 | G13: 0.15 | H13: 45404 | I13: 456.66 | J13: =SUMIFS($E:$E,$B:$B,B13) -> 7020.38 | K13: =E13*(1-G13) -> 1141.6605 | L13: =NOW() -> 46011.021
... A201: CUST016 | B201: David Thomas | C201: South | D201: Clothing | E201: 928.32 | F201: 2 | G201: 0.05 | H201: 45754 | I201: 440.95 | J201: =SUMIFS($E:$E,$B:$B,B201) -> 7020.38 | K201: =E201*(1-G201) -> 881.904 | L201: =NOW() -> 46011.021

Sheet top 10 customers
A4: Customer Name | B4: Total Purchase
A5: {=_xlfn.UNIQUE(Dataset!B2:B1000)} -> James Davis | B5: =SUMIF(Dataset!$B:$B,A5,Dataset!$E:$E) -> 6255.7 | D5: RANK | E5: TOP Purchase | F5: Customer_Name
A6: Robert Anderson | B6: =SUMIF(Dataset!$B:$B,A6,Dataset!$E:$E) -> 8331.85 | D6: 1 | E6: =LARGE(A5:B54,D6) -> 20774.74 | F6: =INDEX(A5:B54,MATCH(E6,B5:B54,0),1) -> James Wilson
A7: James Taylor | B7: =SUMIF(Dataset!$B:$B,A7,Dataset!$E:$E) -> 5615.28 | D7: 2 | E7: =LARGE(A6:B55,D7) -> 17143.29 | F7: =INDEX(A6:B55,MATCH(E7,B6:B55,0),1) -> Mary Davis
A8: James Wilson | B8: =SUMIF(Dataset!$B:$B,A8,Dataset!$E:$E) -> 20774.74 | D8: 3 | E8: =LARGE(A7:B56,D8) -> 11915.83 | F8: =INDEX(A7:B56,MATCH(E8,B7:B56,0),1) -> David Brown
A9: Michael Anderson | B9: =SUMIF(Dataset!$B:$B,A9,Dataset!$E:$E) -> 7881.9 | D9: 4 | E9: =LARGE(A8:B57,D9) -> 11398.32 | F9: =INDEX(A8:B57,MATCH(E9,B8:B57,0),1) -> Emma Davis
A10: Linda Wilson | B10: =SUMIF(Dataset!$B:$B,A10,Dataset!$E:$E) -> 9970.2 | D10: 5 | E10: =LARGE(A9:B58,D10) -> 8635.95 | F10: =INDEX(A9:B58,MATCH(E10,B9:B58,0),1) -> Lisa Thomas
A11: Mary Davis | B11: =SUMIF(Dataset!$B:$B,A11,Dataset!$E:$E) -> 17143.29 | D11: 6 | E11: =LARGE(A10:B59,D11) -> 8543.97 | F11: =INDEX(A10:B59,MATCH(E11,B10:B59,0),1) -> Emma Wilson
A12: Linda Jackson | B12: =SUMIF(Dataset!$B:$B,A12,Dataset!$E:$E) -> 3968.59 | D12: 7 | E12: =LARGE(A11:B60,D12) -> 7522.77 | F12: =INDEX(A11:B60,MATCH(E12,B11:B60,0),1) -> Linda Taylor
A13: David Thomas | B13: =SUMIF(Dataset!$B:$B,A13,Dataset!$E:$E) -> 7020.38 | D13: 8 | E13: =LARGE(A12:B61,D13) -> 7251.18 | F13: =INDEX(A12:B61,MATCH(E13,B12:B61,0),1) -> Mary Jackson
A14: Emma Davis | B14: =SUMIF(Dataset!$B:$B,A14,Dataset!$E:$E) -> 11398.32 | D14: 9 | E14: =LARGE(A13:B62,D14) -> 7020.38 | F14: =INDEX(A13:B62,MATCH(E14,B13:B62,0),1) -> David Thomas
A15: David Smith | B15: =SUMIF(Dataset!$B:$B,A15,Dataset!$E:$E) -> 1672.88 | D15: 10 | E15: =LARGE(A14:B63,D15) -> 5771.59 | F15: =INDEX(A14:B63,MATCH(E15,B14:B63,0),1) -> Sarah Davis
A16: Sarah Anderson | B16: =SUMIF(Dataset!$B:$B,A16,Dataset!$E:$E) -> 7296.19
A17: Lisa Thomas | B17: =SUMIF(Dataset!$B:$B,A17,Dataset!$E:$E) -> 8635.95
A18: Mary Jackson | B18: =SUMIF(Dataset!$B:$B,A18,Dataset!$E:$E) -> 7251.18
A19: Lisa Davis | B19: =SUMIF(Dataset!$B:$B,A19,Dataset!$E:$E) -> 8090.12
A20: Linda Brown | B20: =SUMIF(Dataset!$B:$B,A20,Dataset!$E:$E) -> 5801.29
A21: John Brown | B21: =SUMIF(Dataset!$B:$B,A21,Dataset!$E:$E) -> 1450.99
A22: Linda Taylor | B22: =SUMIF(Dataset!$B:$B,A22,Dataset!$E:$E) -> 7522.77
A23: David Brown | B23: =SUMIF(Dataset!$B:$B,A23,Dataset!$E:$E) -> 11915.83
A24: David Davis | B24: =SUMIF(Dataset!$B:$B,A24,Dataset!$E:$E) -> 3819.14
A25: Mary Wilson | B25: =SUMIF(Dataset!$B:$B,A25,Dataset!$E:$E) -> 5443.34
A26: Emma Wilson | B26: =SUMIF(Dataset!$B:$B,A26,Dataset!$E:$E) -> 8543.97
A27: Linda Davis | B27: =SUMIF(Dataset!$B:$B,A27,Dataset!$E:$E) -> 856.7
... A31: David Anderson | B31: =SUMIF(Dataset!$B:$B,A31,Dataset!$E:$E) -> 5465.71
A32: 0

Sheet WHAT IF Analysis
A2: Sales | B2: 10000
A3: Discount | B3: 0.1
A4: Profit Formula | B4: =B2*(1-B3) -> 9000
A6: discounts | B6: Amount | E6: Scenario | F6: Discount | G6: Adjusted Amount
A7: 0 | B7: =$B$2-($B$2*A7) -> 10000 | E7: Best Case | F7: 0.05 | G7: =$B$2-($B$2*F7) -> 9500
A8: 0.05 | B8: =$B$2-($B$2*A8) -> 9500 | E8: Average Case | F8: 0.1 | G8: =$B$2-($B$2*F8) -> 9000
A9: 0.1 | B9: =$B$2-($B$2*A9) -> 9000 | E9: Worst Case | F9: 0.25 | G9: =$B$2-($B$2*F9) -> 7500
A10: 0.15 | B10: =$B$2-($B$2*A10) -> 8500
A11: 0.2 | B11: =$B$2-($B$2*A11) -> 8000
A12: 0.25 | B12: =$B$2-($B$2*A12) -> 7500

Sheet Linear Regression (Profit vs Sa
A4: Row Labels | B4: Sum of Sales | C4: Sum of Profit
A5: Jan | B5: 14914.65 | C5: 5763.4
A6: Feb | B6: 14006.36 | C6: 5039.23
A7: Mar | B7: 17655.22 | C7: 7071.39
A8: Apr | B8: 22242.13 | C8: 7642.86
A9: May | B9: 18507.34 | C9: 6121.35
A10: Jun | B10: 20187.51 | C10: 6918
A11: Jul | B11: 11609.04 | C11: 3743.85
A12: Aug | B12: 10091.7 | C12: 3302.84
A13: Sep | B13: 20533.5 | C13: 7457.52
A14: Oct | B14: 14215.24 | C14: 4861.7
A15: Nov | B15: 20135.03 | C15: 6814.88
A16: Dec | B16: 11120.04 | C16: 3549.99
A17: Grand Total | B17: 195217.76 | C17: 68287.01

Sheet Descriptive Statistics
A3: SUMMARY OUTPUT
A5: Regression Statistics
A6: Multiple R | B6: 0.77340306
A7: R Square | B7: 0.5981523
A8: Adjusted R Square | B8: 0.59612277
A9: Standard Error | B9: 86.281231
A10: Observations | B10: 200
A12: ANOVA
B13: df | C13: SS | D13: MS | E13: F | F13: Significance F
A14: Regression | B14: 1 | C14: 2194058.2 | D14: 2194058.2 | E14: 294.72398 | F14: 4.6269368e-41
A15: Residual | B15: 198 | C15: 1474001.2 | D15: 7444.4507
A16: Total | B16: 199 | C16: 3668059.4
B18: Coefficients | C18: Standard Error | D18: t Stat | E18: P-value | F18: Lower 95% | G18: Upper 95% | H18: Lower 95.0% | I18: Upper 95.0%
A19: Intercept | B19: -1.0315505 | C19: 20.860617 | D19: -0.049449663 | E19: 0.9606108 | F19: -42.169052 | G19: 40.105951 | H19: -42.169052 | I19: 40.105951
A20: X Variable 1 | B20: 0.35085599 | C20: 0.020437189 | D20: 17.167527 | E20: 4.6269368e-41 | F20: 0.3105535 | G20: 0.39115848 | H20: 0.3105535 | I20: 0.39115848

Sheet  Pivot Table 
A8: Total sales by region
A10: Region | B10: Sum of Sales
A11: Central | B11: 43468.33
A12: East | B12: 32441.64
A13: North | B13: 34975.42
A14: South | B14: 40248.79
A15: West | B15: 44083.58
A16: Grand Total | B16: 195217.76
A22: Total sales by product
A25: Product_Category | B25: Sum of Sales
A26: Books | B26: 47002.46
A27: Clothing | B27: 41927.59
A28: Electronics | B28: 41044
A29: Furniture | B29: 36612.89
A30: Office Supplies | B30: 28630.82
A31: Grand Total | B31: 195217.76
A36: Total of sales
A38: Row Labels | B38: Sum of Sales
A39: Jan | B39: 14914.65
A40: Feb | B40: 14006.36
A41: Mar | B41: 17655.22
A42: Apr | B42: 22242.13
A43: May | B43: 18507.34
A44: Jun | B44: 20187.51
A45: Jul | B45: 11609.04
A46: Aug | B46: 10091.7
A47: Sep | B47: 20533.5
A48: Oct | B48: 14215.24
A49: Nov | B49: 20135.03
A50: Dec | B50: 11120.04
A51: Grand Total | B51: 195217.76

Sheet Dashboard
